Image,Label
WildScenes\WildScenes2d\K-01\image\1624325291-972695058.png,WildScenes\WildScenes2d\K-01\label\1624325291-972695058.png
WildScenes\WildScenes2d\K-01\image\1624325295-523792558.png,WildScenes\WildScenes2d\K-01\label\1624325295-523792558.png
WildScenes\WildScenes2d\K-01\image\1624325300-347773499.png,WildScenes\WildScenes2d\K-01\label\1624325300-347773499.png
WildScenes\WildScenes2d\K-01\image\1624325302-559387845.png,WildScenes\WildScenes2d\K-01\label\1624325302-559387845.png
WildScenes\WildScenes2d\K-01\image\1624325309-660817942.png,WildScenes\WildScenes2d\K-01\label\1624325309-660817942.png
WildScenes\WildScenes2d\K-01\image\1624325317-902004092.png,WildScenes\WildScenes2d\K-01\label\1624325317-902004092.png
WildScenes\WildScenes2d\K-01\image\1624325324-065921585.png,WildScenes\WildScenes2d\K-01\label\1624325324-065921585.png
WildScenes\WildScenes2d\K-01\image\1624325360-849207770.png,WildScenes\WildScenes2d\K-01\label\1624325360-849207770.png
WildScenes\WildScenes2d\K-01\image\1624325368-157304766.png,WildScenes\WildScenes2d\K-01\label\1624325368-157304766.png
WildScenes\WildScenes2d\K-01\image\1624325373-043309865.png,WildScenes\WildScenes2d\K-01\label\1624325373-043309865.png
WildScenes\WildScenes2d\K-01\image\1624325377-870391343.png,WildScenes\WildScenes2d\K-01\label\1624325377-870391343.png
WildScenes\WildScenes2d\K-01\image\1624325384-166304521.png,WildScenes\WildScenes2d\K-01\label\1624325384-166304521.png
WildScenes\WildScenes2d\K-01\image\1624325394-215537909.png,WildScenes\WildScenes2d\K-01\label\1624325394-215537909.png
WildScenes\WildScenes2d\K-01\image\1624325403-729553770.png,WildScenes\WildScenes2d\K-01\label\1624325403-729553770.png
WildScenes\WildScenes2d\K-01\image\1624325408-419557105.png,WildScenes\WildScenes2d\K-01\label\1624325408-419557105.png
WildScenes\WildScenes2d\K-01\image\1624325420-077712037.png,WildScenes\WildScenes2d\K-01\label\1624325420-077712037.png
WildScenes\WildScenes2d\K-01\image\1624325426-375691140.png,WildScenes\WildScenes2d\K-01\label\1624325426-375691140.png
WildScenes\WildScenes2d\K-01\image\1624325438-502876228.png,WildScenes\WildScenes2d\K-01\label\1624325438-502876228.png
WildScenes\WildScenes2d\K-01\image\1624325450-763934629.png,WildScenes\WildScenes2d\K-01\label\1624325450-763934629.png
WildScenes\WildScenes2d\K-01\image\1624325463-829003283.png,WildScenes\WildScenes2d\K-01\label\1624325463-829003283.png
WildScenes\WildScenes2d\K-01\image\1624325476-296133354.png,WildScenes\WildScenes2d\K-01\label\1624325476-296133354.png
WildScenes\WildScenes2d\K-01\image\1624325489-959236309.png,WildScenes\WildScenes2d\K-01\label\1624325489-959236309.png
WildScenes\WildScenes2d\K-01\image\1624325499-808354962.png,WildScenes\WildScenes2d\K-01\label\1624325499-808354962.png
WildScenes\WildScenes2d\K-01\image\1624325502-756338422.png,WildScenes\WildScenes2d\K-01\label\1624325502-756338422.png
WildScenes\WildScenes2d\K-01\image\1624325510-867423478.png,WildScenes\WildScenes2d\K-01\label\1624325510-867423478.png
WildScenes\WildScenes2d\K-01\image\1624325518-569669549.png,WildScenes\WildScenes2d\K-01\label\1624325518-569669549.png
WildScenes\WildScenes2d\K-01\image\1624325519-976273848.png,WildScenes\WildScenes2d\K-01\label\1624325519-976273848.png
WildScenes\WildScenes2d\K-01\image\1624325521-583396006.png,WildScenes\WildScenes2d\K-01\label\1624325521-583396006.png
WildScenes\WildScenes2d\K-01\image\1624325524-464464411.png,WildScenes\WildScenes2d\K-01\label\1624325524-464464411.png
WildScenes\WildScenes2d\K-01\image\1624325525-471308639.png,WildScenes\WildScenes2d\K-01\label\1624325525-471308639.png
WildScenes\WildScenes2d\K-01\image\1624325532-102990432.png,WildScenes\WildScenes2d\K-01\label\1624325532-102990432.png
WildScenes\WildScenes2d\K-01\image\1624325537-530063300.png,WildScenes\WildScenes2d\K-01\label\1624325537-530063300.png
WildScenes\WildScenes2d\K-01\image\1624325544-364231018.png,WildScenes\WildScenes2d\K-01\label\1624325544-364231018.png
WildScenes\WildScenes2d\K-01\image\1624325550-527585955.png,WildScenes\WildScenes2d\K-01\label\1624325550-527585955.png
WildScenes\WildScenes2d\K-01\image\1624325559-773641516.png,WildScenes\WildScenes2d\K-01\label\1624325559-773641516.png
WildScenes\WildScenes2d\K-01\image\1624325569-555716147.png,WildScenes\WildScenes2d\K-01\label\1624325569-555716147.png
WildScenes\WildScenes2d\K-01\image\1624325581-218385734.png,WildScenes\WildScenes2d\K-01\label\1624325581-218385734.png
WildScenes\WildScenes2d\K-01\image\1624325584-697794342.png,WildScenes\WildScenes2d\K-01\label\1624325584-697794342.png
WildScenes\WildScenes2d\K-01\image\1624325585-903894638.png,WildScenes\WildScenes2d\K-01\label\1624325585-903894638.png
WildScenes\WildScenes2d\K-01\image\1624325588-315891765.png,WildScenes\WildScenes2d\K-01\label\1624325588-315891765.png
WildScenes\WildScenes2d\K-01\image\1624325593-408099740.png,WildScenes\WildScenes2d\K-01\label\1624325593-408099740.png
WildScenes\WildScenes2d\K-01\image\1624325601-721078276.png,WildScenes\WildScenes2d\K-01\label\1624325601-721078276.png
WildScenes\WildScenes2d\K-01\image\1624325610-427181482.png,WildScenes\WildScenes2d\K-01\label\1624325610-427181482.png
WildScenes\WildScenes2d\K-01\image\1624325613-642037413.png,WildScenes\WildScenes2d\K-01\label\1624325613-642037413.png
WildScenes\WildScenes2d\K-01\image\1624325615-250407506.png,WildScenes\WildScenes2d\K-01\label\1624325615-250407506.png
WildScenes\WildScenes2d\K-01\image\1624325618-600492753.png,WildScenes\WildScenes2d\K-01\label\1624325618-600492753.png
WildScenes\WildScenes2d\K-01\image\1624325619-671992437.png,WildScenes\WildScenes2d\K-01\label\1624325619-671992437.png
WildScenes\WildScenes2d\K-01\image\1624325626-908100079.png,WildScenes\WildScenes2d\K-01\label\1624325626-908100079.png
WildScenes\WildScenes2d\K-01\image\1624325628-784086839.png,WildScenes\WildScenes2d\K-01\label\1624325628-784086839.png
WildScenes\WildScenes2d\K-01\image\1624325630-459207275.png,WildScenes\WildScenes2d\K-01\label\1624325630-459207275.png
WildScenes\WildScenes2d\K-01\image\1624325633-072099240.png,WildScenes\WildScenes2d\K-01\label\1624325633-072099240.png
WildScenes\WildScenes2d\K-01\image\1624325638-030336489.png,WildScenes\WildScenes2d\K-01\label\1624325638-030336489.png
WildScenes\WildScenes2d\K-01\image\1624325639-907186876.png,WildScenes\WildScenes2d\K-01\label\1624325639-907186876.png
WildScenes\WildScenes2d\K-01\image\1624325645-601341281.png,WildScenes\WildScenes2d\K-01\label\1624325645-601341281.png
WildScenes\WildScenes2d\K-01\image\1624325653-710105102.png,WildScenes\WildScenes2d\K-01\label\1624325653-710105102.png
WildScenes\WildScenes2d\K-01\image\1624325663-021908908.png,WildScenes\WildScenes2d\K-01\label\1624325663-021908908.png
WildScenes\WildScenes2d\K-01\image\1624325673-005105620.png,WildScenes\WildScenes2d\K-01\label\1624325673-005105620.png
WildScenes\WildScenes2d\K-01\image\1624325679-503544884.png,WildScenes\WildScenes2d\K-01\label\1624325679-503544884.png
WildScenes\WildScenes2d\K-01\image\1624325684-595730234.png,WildScenes\WildScenes2d\K-01\label\1624325684-595730234.png
WildScenes\WildScenes2d\K-01\image\1624325689-956074967.png,WildScenes\WildScenes2d\K-01\label\1624325689-956074967.png
WildScenes\WildScenes2d\K-01\image\1624325694-913620726.png,WildScenes\WildScenes2d\K-01\label\1624325694-913620726.png
WildScenes\WildScenes2d\K-01\image\1624325698-196603485.png,WildScenes\WildScenes2d\K-01\label\1624325698-196603485.png
WildScenes\WildScenes2d\K-01\image\1624325707-844791746.png,WildScenes\WildScenes2d\K-01\label\1624325707-844791746.png
WildScenes\WildScenes2d\K-01\image\1624325714-879717144.png,WildScenes\WildScenes2d\K-01\label\1624325714-879717144.png
WildScenes\WildScenes2d\K-01\image\1624325725-869619901.png,WildScenes\WildScenes2d\K-01\label\1624325725-869619901.png
WildScenes\WildScenes2d\K-01\image\1624325738-463948619.png,WildScenes\WildScenes2d\K-01\label\1624325738-463948619.png
WildScenes\WildScenes2d\K-01\image\1624325745-633029552.png,WildScenes\WildScenes2d\K-01\label\1624325745-633029552.png
WildScenes\WildScenes2d\K-01\image\1624325755-750075993.png,WildScenes\WildScenes2d\K-01\label\1624325755-750075993.png
WildScenes\WildScenes2d\K-01\image\1624325767-542730413.png,WildScenes\WildScenes2d\K-01\label\1624325767-542730413.png
WildScenes\WildScenes2d\K-01\image\1624325778-867115611.png,WildScenes\WildScenes2d\K-01\label\1624325778-867115611.png
WildScenes\WildScenes2d\K-01\image\1624325785-163632754.png,WildScenes\WildScenes2d\K-01\label\1624325785-163632754.png
WildScenes\WildScenes2d\K-01\image\1624325794-212017188.png,WildScenes\WildScenes2d\K-01\label\1624325794-212017188.png
WildScenes\WildScenes2d\K-01\image\1624325801-310417471.png,WildScenes\WildScenes2d\K-01\label\1624325801-310417471.png
WildScenes\WildScenes2d\K-01\image\1624325809-819403434.png,WildScenes\WildScenes2d\K-01\label\1624325809-819403434.png
WildScenes\WildScenes2d\K-01\image\1624325820-205910602.png,WildScenes\WildScenes2d\K-01\label\1624325820-205910602.png
WildScenes\WildScenes2d\K-01\image\1624325829-384803062.png,WildScenes\WildScenes2d\K-01\label\1624325829-384803062.png
WildScenes\WildScenes2d\K-01\image\1624325841-979682848.png,WildScenes\WildScenes2d\K-01\label\1624325841-979682848.png
WildScenes\WildScenes2d\K-01\image\1624325853-704867849.png,WildScenes\WildScenes2d\K-01\label\1624325853-704867849.png
WildScenes\WildScenes2d\K-01\image\1624325863-151865385.png,WildScenes\WildScenes2d\K-01\label\1624325863-151865385.png
WildScenes\WildScenes2d\K-01\image\1624325869-784872749.png,WildScenes\WildScenes2d\K-01\label\1624325869-784872749.png
WildScenes\WildScenes2d\K-01\image\1624325879-031219075.png,WildScenes\WildScenes2d\K-01\label\1624325879-031219075.png
WildScenes\WildScenes2d\K-01\image\1624325886-936958449.png,WildScenes\WildScenes2d\K-01\label\1624325886-936958449.png
WildScenes\WildScenes2d\K-01\image\1624325888-679162877.png,WildScenes\WildScenes2d\K-01\label\1624325888-679162877.png
WildScenes\WildScenes2d\K-01\image\1624325891-693985132.png,WildScenes\WildScenes2d\K-01\label\1624325891-693985132.png
WildScenes\WildScenes2d\K-01\image\1624325900-806350844.png,WildScenes\WildScenes2d\K-01\label\1624325900-806350844.png
WildScenes\WildScenes2d\K-01\image\1624325906-903200442.png,WildScenes\WildScenes2d\K-01\label\1624325906-903200442.png
WildScenes\WildScenes2d\K-01\image\1624325912-330284254.png,WildScenes\WildScenes2d\K-01\label\1624325912-330284254.png
WildScenes\WildScenes2d\K-01\image\1624325917-154140613.png,WildScenes\WildScenes2d\K-01\label\1624325917-154140613.png
WildScenes\WildScenes2d\K-01\image\1624325923-318248931.png,WildScenes\WildScenes2d\K-01\label\1624325923-318248931.png
WildScenes\WildScenes2d\K-01\image\1624325927-807244046.png,WildScenes\WildScenes2d\K-01\label\1624325927-807244046.png
WildScenes\WildScenes2d\K-01\image\1624325931-894395562.png,WildScenes\WildScenes2d\K-01\label\1624325931-894395562.png
WildScenes\WildScenes2d\K-01\image\1624325937-120350956.png,WildScenes\WildScenes2d\K-01\label\1624325937-120350956.png
WildScenes\WildScenes2d\K-01\image\1624325945-897376361.png,WildScenes\WildScenes2d\K-01\label\1624325945-897376361.png
WildScenes\WildScenes2d\K-01\image\1624325948-845395119.png,WildScenes\WildScenes2d\K-01\label\1624325948-845395119.png
WildScenes\WildScenes2d\K-01\image\1624325953-334425691.png,WildScenes\WildScenes2d\K-01\label\1624325953-334425691.png
WildScenes\WildScenes2d\K-01\image\1624325957-890479421.png,WildScenes\WildScenes2d\K-01\label\1624325957-890479421.png
WildScenes\WildScenes2d\K-01\image\1624325963-853521085.png,WildScenes\WildScenes2d\K-01\label\1624325963-853521085.png
WildScenes\WildScenes2d\K-01\image\1624325972-898552168.png,WildScenes\WildScenes2d\K-01\label\1624325972-898552168.png
WildScenes\WildScenes2d\K-01\image\1624325983-350774940.png,WildScenes\WildScenes2d\K-01\label\1624325983-350774940.png
WildScenes\WildScenes2d\K-01\image\1624325994-606800659.png,WildScenes\WildScenes2d\K-01\label\1624325994-606800659.png
WildScenes\WildScenes2d\K-01\image\1624326001-440745135.png,WildScenes\WildScenes2d\K-01\label\1624326001-440745135.png
WildScenes\WildScenes2d\K-01\image\1624326006-599827108.png,WildScenes\WildScenes2d\K-01\label\1624326006-599827108.png
WildScenes\WildScenes2d\K-01\image\1624326019-061822493.png,WildScenes\WildScenes2d\K-01\label\1624326019-061822493.png
WildScenes\WildScenes2d\K-01\image\1624326022-613649789.png,WildScenes\WildScenes2d\K-01\label\1624326022-613649789.png
WildScenes\WildScenes2d\K-01\image\1624326025-761997500.png,WildScenes\WildScenes2d\K-01\label\1624326025-761997500.png
WildScenes\WildScenes2d\K-01\image\1624326030-318026941.png,WildScenes\WildScenes2d\K-01\label\1624326030-318026941.png
WildScenes\WildScenes2d\K-01\image\1624326036-351038691.png,WildScenes\WildScenes2d\K-01\label\1624326036-351038691.png
WildScenes\WildScenes2d\K-01\image\1624326044-455105480.png,WildScenes\WildScenes2d\K-01\label\1624326044-455105480.png
WildScenes\WildScenes2d\K-01\image\1624326048-408108533.png,WildScenes\WildScenes2d\K-01\label\1624326048-408108533.png
WildScenes\WildScenes2d\K-01\image\1624326052-026199620.png,WildScenes\WildScenes2d\K-01\label\1624326052-026199620.png
WildScenes\WildScenes2d\K-01\image\1624326055-443240885.png,WildScenes\WildScenes2d\K-01\label\1624326055-443240885.png
WildScenes\WildScenes2d\K-01\image\1624326058-525338439.png,WildScenes\WildScenes2d\K-01\label\1624326058-525338439.png
WildScenes\WildScenes2d\K-01\image\1624326060-200185677.png,WildScenes\WildScenes2d\K-01\label\1624326060-200185677.png
WildScenes\WildScenes2d\K-01\image\1624326064-088220971.png,WildScenes\WildScenes2d\K-01\label\1624326064-088220971.png
WildScenes\WildScenes2d\K-01\image\1624326073-265335999.png,WildScenes\WildScenes2d\K-01\label\1624326073-265335999.png
WildScenes\WildScenes2d\K-01\image\1624326084-119373344.png,WildScenes\WildScenes2d\K-01\label\1624326084-119373344.png
WildScenes\WildScenes2d\K-01\image\1624326094-638395422.png,WildScenes\WildScenes2d\K-01\label\1624326094-638395422.png
WildScenes\WildScenes2d\K-01\image\1624326100-936964475.png,WildScenes\WildScenes2d\K-01\label\1624326100-936964475.png
WildScenes\WildScenes2d\K-01\image\1624326108-306561635.png,WildScenes\WildScenes2d\K-01\label\1624326108-306561635.png
WildScenes\WildScenes2d\K-01\image\1624326118-557676503.png,WildScenes\WildScenes2d\K-01\label\1624326118-557676503.png
WildScenes\WildScenes2d\K-01\image\1624326129-143735978.png,WildScenes\WildScenes2d\K-01\label\1624326129-143735978.png
WildScenes\WildScenes2d\K-01\image\1624326139-797829572.png,WildScenes\WildScenes2d\K-01\label\1624326139-797829572.png
WildScenes\WildScenes2d\K-01\image\1624326150-315857841.png,WildScenes\WildScenes2d\K-01\label\1624326150-315857841.png
WildScenes\WildScenes2d\K-01\image\1624326159-427877743.png,WildScenes\WildScenes2d\K-01\label\1624326159-427877743.png
WildScenes\WildScenes2d\K-01\image\1624326164-788009826.png,WildScenes\WildScenes2d\K-01\label\1624326164-788009826.png
WildScenes\WildScenes2d\K-01\image\1624326170-014007910.png,WildScenes\WildScenes2d\K-01\label\1624326170-014007910.png
WildScenes\WildScenes2d\K-01\image\1624326178-256976421.png,WildScenes\WildScenes2d\K-01\label\1624326178-256976421.png
WildScenes\WildScenes2d\K-01\image\1624326188-908312407.png,WildScenes\WildScenes2d\K-01\label\1624326188-908312407.png
WildScenes\WildScenes2d\K-01\image\1624326197-285809527.png,WildScenes\WildScenes2d\K-01\label\1624326197-285809527.png
WildScenes\WildScenes2d\K-01\image\1624326199-762268052.png,WildScenes\WildScenes2d\K-01\label\1624326199-762268052.png
WildScenes\WildScenes2d\K-01\image\1624326203-313376080.png,WildScenes\WildScenes2d\K-01\label\1624326203-313376080.png
WildScenes\WildScenes2d\K-01\image\1624326204-454752693.png,WildScenes\WildScenes2d\K-01\label\1624326204-454752693.png
WildScenes\WildScenes2d\K-01\image\1624326232-257499881.png,WildScenes\WildScenes2d\K-01\label\1624326232-257499881.png
WildScenes\WildScenes2d\K-01\image\1624326239-359626749.png,WildScenes\WildScenes2d\K-01\label\1624326239-359626749.png
WildScenes\WildScenes2d\K-01\image\1624326240-565643073.png,WildScenes\WildScenes2d\K-01\label\1624326240-565643073.png
WildScenes\WildScenes2d\K-01\image\1624326311-989469528.png,WildScenes\WildScenes2d\K-01\label\1624326311-989469528.png
WildScenes\WildScenes2d\K-01\image\1624326312-859801656.png,WildScenes\WildScenes2d\K-01\label\1624326312-859801656.png
WildScenes\WildScenes2d\K-01\image\1624326313-464052392.png,WildScenes\WildScenes2d\K-01\label\1624326313-464052392.png
WildScenes\WildScenes2d\K-01\image\1624326313-865485026.png,WildScenes\WildScenes2d\K-01\label\1624326313-865485026.png
WildScenes\WildScenes2d\K-01\image\1624326314-601183931.png,WildScenes\WildScenes2d\K-01\label\1624326314-601183931.png
WildScenes\WildScenes2d\K-01\image\1624326320-430245300.png,WildScenes\WildScenes2d\K-01\label\1624326320-430245300.png
WildScenes\WildScenes2d\K-01\image\1624326331-485212045.png,WildScenes\WildScenes2d\K-01\label\1624326331-485212045.png
WildScenes\WildScenes2d\K-01\image\1624326342-808313628.png,WildScenes\WildScenes2d\K-01\label\1624326342-808313628.png
WildScenes\WildScenes2d\K-01\image\1624326354-064440888.png,WildScenes\WildScenes2d\K-01\label\1624326354-064440888.png
WildScenes\WildScenes2d\K-01\image\1624326362-774522051.png,WildScenes\WildScenes2d\K-01\label\1624326362-774522051.png
WildScenes\WildScenes2d\K-01\image\1624326374-231721246.png,WildScenes\WildScenes2d\K-01\label\1624326374-231721246.png
WildScenes\WildScenes2d\K-01\image\1624326382-476209192.png,WildScenes\WildScenes2d\K-01\label\1624326382-476209192.png
WildScenes\WildScenes2d\K-01\image\1624326392-659151341.png,WildScenes\WildScenes2d\K-01\label\1624326392-659151341.png
WildScenes\WildScenes2d\K-01\image\1624326394-867786692.png,WildScenes\WildScenes2d\K-01\label\1624326394-867786692.png
WildScenes\WildScenes2d\K-01\image\1624326404-649780423.png,WildScenes\WildScenes2d\K-01\label\1624326404-649780423.png
WildScenes\WildScenes2d\K-01\image\1624326415-507308501.png,WildScenes\WildScenes2d\K-01\label\1624326415-507308501.png
WildScenes\WildScenes2d\K-01\image\1624326421-399878901.png,WildScenes\WildScenes2d\K-01\label\1624326421-399878901.png
WildScenes\WildScenes2d\K-01\image\1624326427-832023812.png,WildScenes\WildScenes2d\K-01\label\1624326427-832023812.png
WildScenes\WildScenes2d\K-01\image\1624326439-021144748.png,WildScenes\WildScenes2d\K-01\label\1624326439-021144748.png
WildScenes\WildScenes2d\K-01\image\1624326450-411219694.png,WildScenes\WildScenes2d\K-01\label\1624326450-411219694.png
WildScenes\WildScenes2d\K-01\image\1624326454-699424968.png,WildScenes\WildScenes2d\K-01\label\1624326454-699424968.png
WildScenes\WildScenes2d\K-01\image\1624326463-275290369.png,WildScenes\WildScenes2d\K-01\label\1624326463-275290369.png
WildScenes\WildScenes2d\K-01\image\1624326473-995462721.png,WildScenes\WildScenes2d\K-01\label\1624326473-995462721.png
WildScenes\WildScenes2d\K-01\image\1624326482-107621878.png,WildScenes\WildScenes2d\K-01\label\1624326482-107621878.png
WildScenes\WildScenes2d\K-01\image\1624326489-740485763.png,WildScenes\WildScenes2d\K-01\label\1624326489-740485763.png
WildScenes\WildScenes2d\K-01\image\1624326495-435525204.png,WildScenes\WildScenes2d\K-01\label\1624326495-435525204.png
WildScenes\WildScenes2d\K-01\image\1624326500-595279466.png,WildScenes\WildScenes2d\K-01\label\1624326500-595279466.png
WildScenes\WildScenes2d\K-01\image\1624326506-758764938.png,WildScenes\WildScenes2d\K-01\label\1624326506-758764938.png
WildScenes\WildScenes2d\K-01\image\1624326507-830645504.png,WildScenes\WildScenes2d\K-01\label\1624326507-830645504.png
WildScenes\WildScenes2d\K-01\image\1624326516-540711498.png,WildScenes\WildScenes2d\K-01\label\1624326516-540711498.png
WildScenes\WildScenes2d\K-01\image\1624326527-729742254.png,WildScenes\WildScenes2d\K-01\label\1624326527-729742254.png
WildScenes\WildScenes2d\K-01\image\1624326536-239000999.png,WildScenes\WildScenes2d\K-01\label\1624326536-239000999.png
WildScenes\WildScenes2d\K-01\image\1624326540-393042929.png,WildScenes\WildScenes2d\K-01\label\1624326540-393042929.png
WildScenes\WildScenes2d\K-01\image\1624326547-896921039.png,WildScenes\WildScenes2d\K-01\label\1624326547-896921039.png
WildScenes\WildScenes2d\K-01\image\1624326549-371029575.png,WildScenes\WildScenes2d\K-01\label\1624326549-371029575.png
WildScenes\WildScenes2d\K-01\image\1624326557-812995166.png,WildScenes\WildScenes2d\K-01\label\1624326557-812995166.png
WildScenes\WildScenes2d\K-01\image\1624326568-734067732.png,WildScenes\WildScenes2d\K-01\label\1624326568-734067732.png
WildScenes\WildScenes2d\K-01\image\1624326576-640180436.png,WildScenes\WildScenes2d\K-01\label\1624326576-640180436.png
WildScenes\WildScenes2d\K-01\image\1624326585-886297728.png,WildScenes\WildScenes2d\K-01\label\1624326585-886297728.png
WildScenes\WildScenes2d\K-01\image\1624326590-911268711.png,WildScenes\WildScenes2d\K-01\label\1624326590-911268711.png
WildScenes\WildScenes2d\K-01\image\1624326593-792278329.png,WildScenes\WildScenes2d\K-01\label\1624326593-792278329.png
WildScenes\WildScenes2d\K-01\image\1624326602-639227706.png,WildScenes\WildScenes2d\K-01\label\1624326602-639227706.png
WildScenes\WildScenes2d\K-01\image\1624326610-140519000.png,WildScenes\WildScenes2d\K-01\label\1624326610-140519000.png
WildScenes\WildScenes2d\K-01\image\1624326618-381583000.png,WildScenes\WildScenes2d\K-01\label\1624326618-381583000.png
WildScenes\WildScenes2d\K-01\image\1624326624-612780718.png,WildScenes\WildScenes2d\K-01\label\1624326624-612780718.png
WildScenes\WildScenes2d\K-01\image\1624326627-158620149.png,WildScenes\WildScenes2d\K-01\label\1624326627-158620149.png
WildScenes\WildScenes2d\K-01\image\1624326629-371279283.png,WildScenes\WildScenes2d\K-01\label\1624326629-371279283.png
WildScenes\WildScenes2d\K-01\image\1624326633-592195723.png,WildScenes\WildScenes2d\K-01\label\1624326633-592195723.png
WildScenes\WildScenes2d\K-01\image\1624326637-476684345.png,WildScenes\WildScenes2d\K-01\label\1624326637-476684345.png
WildScenes\WildScenes2d\K-01\image\1624326643-573781091.png,WildScenes\WildScenes2d\K-01\label\1624326643-573781091.png
WildScenes\WildScenes2d\K-01\image\1624326654-361083070.png,WildScenes\WildScenes2d\K-01\label\1624326654-361083070.png
WildScenes\WildScenes2d\K-01\image\1624326656-236969889.png,WildScenes\WildScenes2d\K-01\label\1624326656-236969889.png
WildScenes\WildScenes2d\K-01\image\1624326659-319268221.png,WildScenes\WildScenes2d\K-01\label\1624326659-319268221.png
WildScenes\WildScenes2d\K-01\image\1624326665-750888050.png,WildScenes\WildScenes2d\K-01\label\1624326665-750888050.png
WildScenes\WildScenes2d\K-01\image\1624326674-125984763.png,WildScenes\WildScenes2d\K-01\label\1624326674-125984763.png
WildScenes\WildScenes2d\K-01\image\1624326679-620518281.png,WildScenes\WildScenes2d\K-01\label\1624326679-620518281.png
WildScenes\WildScenes2d\K-01\image\1624326684-109322954.png,WildScenes\WildScenes2d\K-01\label\1624326684-109322954.png
WildScenes\WildScenes2d\K-01\image\1624326690-005144492.png,WildScenes\WildScenes2d\K-01\label\1624326690-005144492.png
WildScenes\WildScenes2d\K-01\image\1624326695-633246123.png,WildScenes\WildScenes2d\K-01\label\1624326695-633246123.png
WildScenes\WildScenes2d\K-01\image\1624326698-380712748.png,WildScenes\WildScenes2d\K-01\label\1624326698-380712748.png
WildScenes\WildScenes2d\K-01\image\1624326702-266286193.png,WildScenes\WildScenes2d\K-01\label\1624326702-266286193.png
WildScenes\WildScenes2d\K-01\image\1624326707-425233375.png,WildScenes\WildScenes2d\K-01\label\1624326707-425233375.png
WildScenes\WildScenes2d\K-01\image\1624326708-229267309.png,WildScenes\WildScenes2d\K-01\label\1624326708-229267309.png
WildScenes\WildScenes2d\K-01\image\1624326717-542410222.png,WildScenes\WildScenes2d\K-01\label\1624326717-542410222.png
WildScenes\WildScenes2d\K-01\image\1624326724-580749676.png,WildScenes\WildScenes2d\K-01\label\1624326724-580749676.png
WildScenes\WildScenes2d\K-01\image\1624326735-565486578.png,WildScenes\WildScenes2d\K-01\label\1624326735-565486578.png
WildScenes\WildScenes2d\K-01\image\1624326743-940602460.png,WildScenes\WildScenes2d\K-01\label\1624326743-940602460.png
WildScenes\WildScenes2d\K-01\image\1624326751-244060219.png,WildScenes\WildScenes2d\K-01\label\1624326751-244060219.png
WildScenes\WildScenes2d\K-01\image\1624326757-072798917.png,WildScenes\WildScenes2d\K-01\label\1624326757-072798917.png
WildScenes\WildScenes2d\K-01\image\1624326763-035684925.png,WildScenes\WildScenes2d\K-01\label\1624326763-035684925.png
WildScenes\WildScenes2d\K-01\image\1624326770-673782381.png,WildScenes\WildScenes2d\K-01\label\1624326770-673782381.png
WildScenes\WildScenes2d\K-01\image\1624326779-852826945.png,WildScenes\WildScenes2d\K-01\label\1624326779-852826945.png
WildScenes\WildScenes2d\K-01\image\1624326787-222826269.png,WildScenes\WildScenes2d\K-01\label\1624326787-222826269.png
WildScenes\WildScenes2d\K-01\image\1624326790-170966057.png,WildScenes\WildScenes2d\K-01\label\1624326790-170966057.png
WildScenes\WildScenes2d\K-01\image\1624326795-068106459.png,WildScenes\WildScenes2d\K-01\label\1624326795-068106459.png
WildScenes\WildScenes2d\K-01\image\1624326799-350037182.png,WildScenes\WildScenes2d\K-01\label\1624326799-350037182.png
WildScenes\WildScenes2d\K-01\image\1624326809-333644187.png,WildScenes\WildScenes2d\K-01\label\1624326809-333644187.png
WildScenes\WildScenes2d\K-01\image\1624326819-383071121.png,WildScenes\WildScenes2d\K-01\label\1624326819-383071121.png
WildScenes\WildScenes2d\K-01\image\1624326825-078795779.png,WildScenes\WildScenes2d\K-01\label\1624326825-078795779.png
WildScenes\WildScenes2d\K-01\image\1624326833-855256708.png,WildScenes\WildScenes2d\K-01\label\1624326833-855256708.png
WildScenes\WildScenes2d\K-01\image\1624326839-215307154.png,WildScenes\WildScenes2d\K-01\label\1624326839-215307154.png
WildScenes\WildScenes2d\K-01\image\1624326840-086293138.png,WildScenes\WildScenes2d\K-01\label\1624326840-086293138.png
WildScenes\WildScenes2d\K-01\image\1624326841-091337373.png,WildScenes\WildScenes2d\K-01\label\1624326841-091337373.png
WildScenes\WildScenes2d\K-01\image\1624326846-250442611.png,WildScenes\WildScenes2d\K-01\label\1624326846-250442611.png
WildScenes\WildScenes2d\K-01\image\1624326854-693340727.png,WildScenes\WildScenes2d\K-01\label\1624326854-693340727.png
WildScenes\WildScenes2d\K-01\image\1624326860-791591643.png,WildScenes\WildScenes2d\K-01\label\1624326860-791591643.png
WildScenes\WildScenes2d\K-01\image\1624326872-179531922.png,WildScenes\WildScenes2d\K-01\label\1624326872-179531922.png
WildScenes\WildScenes2d\K-01\image\1624326881-497662313.png,WildScenes\WildScenes2d\K-01\label\1624326881-497662313.png
WildScenes\WildScenes2d\K-01\image\1624326890-269696910.png,WildScenes\WildScenes2d\K-01\label\1624326890-269696910.png
WildScenes\WildScenes2d\K-01\image\1624326898-309830839.png,WildScenes\WildScenes2d\K-01\label\1624326898-309830839.png
WildScenes\WildScenes2d\K-01\image\1624326903-535858717.png,WildScenes\WildScenes2d\K-01\label\1624326903-535858717.png
WildScenes\WildScenes2d\K-01\image\1624326910-905916636.png,WildScenes\WildScenes2d\K-01\label\1624326910-905916636.png
WildScenes\WildScenes2d\K-01\image\1624326912-915925261.png,WildScenes\WildScenes2d\K-01\label\1624326912-915925261.png
WildScenes\WildScenes2d\K-01\image\1624326914-925941278.png,WildScenes\WildScenes2d\K-01\label\1624326914-925941278.png
WildScenes\WildScenes2d\K-01\image\1624326925-109987194.png,WildScenes\WildScenes2d\K-01\label\1624326925-109987194.png
WildScenes\WildScenes2d\K-01\image\1624326932-212113070.png,WildScenes\WildScenes2d\K-01\label\1624326932-212113070.png
WildScenes\WildScenes2d\K-01\image\1624326941-257852669.png,WildScenes\WildScenes2d\K-01\label\1624326941-257852669.png
WildScenes\WildScenes2d\K-01\image\1624326947-890121756.png,WildScenes\WildScenes2d\K-01\label\1624326947-890121756.png
WildScenes\WildScenes2d\K-01\image\1624326953-587161519.png,WildScenes\WildScenes2d\K-01\label\1624326953-587161519.png
WildScenes\WildScenes2d\K-01\image\1624326954-256972299.png,WildScenes\WildScenes2d\K-01\label\1624326954-256972299.png
WildScenes\WildScenes2d\K-01\image\1624326964-908330718.png,WildScenes\WildScenes2d\K-01\label\1624326964-908330718.png
WildScenes\WildScenes2d\K-01\image\1624326971-211994455.png,WildScenes\WildScenes2d\K-01\label\1624326971-211994455.png
WildScenes\WildScenes2d\K-01\image\1624326979-782384193.png,WildScenes\WildScenes2d\K-01\label\1624326979-782384193.png
WildScenes\WildScenes2d\K-01\image\1624326987-353846448.png,WildScenes\WildScenes2d\K-01\label\1624326987-353846448.png
WildScenes\WildScenes2d\K-01\image\1624326992-044188167.png,WildScenes\WildScenes2d\K-01\label\1624326992-044188167.png
WildScenes\WildScenes2d\K-01\image\1624326999-282687832.png,WildScenes\WildScenes2d\K-01\label\1624326999-282687832.png
WildScenes\WildScenes2d\K-01\image\1624327001-959581652.png,WildScenes\WildScenes2d\K-01\label\1624327001-959581652.png
WildScenes\WildScenes2d\K-01\image\1624327012-076637373.png,WildScenes\WildScenes2d\K-01\label\1624327012-076637373.png
WildScenes\WildScenes2d\K-01\image\1624327023-533823511.png,WildScenes\WildScenes2d\K-01\label\1624327023-533823511.png
WildScenes\WildScenes2d\K-01\image\1624327029-498773557.png,WildScenes\WildScenes2d\K-01\label\1624327029-498773557.png
WildScenes\WildScenes2d\K-01\image\1624327037-268927853.png,WildScenes\WildScenes2d\K-01\label\1624327037-268927853.png
WildScenes\WildScenes2d\K-01\image\1624327043-902057142.png,WildScenes\WildScenes2d\K-01\label\1624327043-902057142.png
WildScenes\WildScenes2d\K-01\image\1624327048-122997744.png,WildScenes\WildScenes2d\K-01\label\1624327048-122997744.png
WildScenes\WildScenes2d\K-01\image\1624327050-936982284.png,WildScenes\WildScenes2d\K-01\label\1624327050-936982284.png
WildScenes\WildScenes2d\K-01\image\1624327053-751161779.png,WildScenes\WildScenes2d\K-01\label\1624327053-751161779.png
WildScenes\WildScenes2d\K-01\image\1624327060-317148545.png,WildScenes\WildScenes2d\K-01\label\1624327060-317148545.png
WildScenes\WildScenes2d\K-01\image\1624327069-697072618.png,WildScenes\WildScenes2d\K-01\label\1624327069-697072618.png
WildScenes\WildScenes2d\K-01\image\1624327077-670157341.png,WildScenes\WildScenes2d\K-01\label\1624327077-670157341.png
WildScenes\WildScenes2d\K-01\image\1624327081-288256588.png,WildScenes\WildScenes2d\K-01\label\1624327081-288256588.png
WildScenes\WildScenes2d\K-01\image\1624327084-638237607.png,WildScenes\WildScenes2d\K-01\label\1624327084-638237607.png
WildScenes\WildScenes2d\K-01\image\1624327094-019377356.png,WildScenes\WildScenes2d\K-01\label\1624327094-019377356.png
WildScenes\WildScenes2d\K-01\image\1624327100-048356747.png,WildScenes\WildScenes2d\K-01\label\1624327100-048356747.png
WildScenes\WildScenes2d\K-01\image\1624327106-146007280.png,WildScenes\WildScenes2d\K-01\label\1624327106-146007280.png
WildScenes\WildScenes2d\K-01\image\1624327113-917551821.png,WildScenes\WildScenes2d\K-01\label\1624327113-917551821.png
WildScenes\WildScenes2d\K-01\image\1624327119-545541191.png,WildScenes\WildScenes2d\K-01\label\1624327119-545541191.png
WildScenes\WildScenes2d\K-01\image\1624327124-838669893.png,WildScenes\WildScenes2d\K-01\label\1624327124-838669893.png
WildScenes\WildScenes2d\K-01\image\1624327133-414642820.png,WildScenes\WildScenes2d\K-01\label\1624327133-414642820.png
WildScenes\WildScenes2d\K-01\image\1624327134-620642760.png,WildScenes\WildScenes2d\K-01\label\1624327134-620642760.png
WildScenes\WildScenes2d\K-01\image\1624327142-325618053.png,WildScenes\WildScenes2d\K-01\label\1624327142-325618053.png
WildScenes\WildScenes2d\K-01\image\1624327148-892118958.png,WildScenes\WildScenes2d\K-01\label\1624327148-892118958.png
WildScenes\WildScenes2d\K-01\image\1624327154-653880324.png,WildScenes\WildScenes2d\K-01\label\1624327154-653880324.png
WildScenes\WildScenes2d\K-01\image\1624327160-483727812.png,WildScenes\WildScenes2d\K-01\label\1624327160-483727812.png
WildScenes\WildScenes2d\K-01\image\1624327163-497892340.png,WildScenes\WildScenes2d\K-01\label\1624327163-497892340.png
WildScenes\WildScenes2d\K-01\image\1624327167-786097230.png,WildScenes\WildScenes2d\K-01\label\1624327167-786097230.png
WildScenes\WildScenes2d\K-01\image\1624327171-872887800.png,WildScenes\WildScenes2d\K-01\label\1624327171-872887800.png
WildScenes\WildScenes2d\K-01\image\1624327174-888633878.png,WildScenes\WildScenes2d\K-01\label\1624327174-888633878.png
WildScenes\WildScenes2d\K-01\image\1624327177-433988804.png,WildScenes\WildScenes2d\K-01\label\1624327177-433988804.png
WildScenes\WildScenes2d\K-01\image\1624327184-335214754.png,WildScenes\WildScenes2d\K-01\label\1624327184-335214754.png
WildScenes\WildScenes2d\K-01\image\1624327187-083123608.png,WildScenes\WildScenes2d\K-01\label\1624327187-083123608.png
WildScenes\WildScenes2d\K-01\image\1624327192-777138934.png,WildScenes\WildScenes2d\K-01\label\1624327192-777138934.png
WildScenes\WildScenes2d\K-01\image\1624327195-792160368.png,WildScenes\WildScenes2d\K-01\label\1624327195-792160368.png
WildScenes\WildScenes2d\K-01\image\1624327198-271640771.png,WildScenes\WildScenes2d\K-01\label\1624327198-271640771.png
WildScenes\WildScenes2d\K-01\image\1624327207-050044707.png,WildScenes\WildScenes2d\K-01\label\1624327207-050044707.png
WildScenes\WildScenes2d\K-01\image\1624327216-294331252.png,WildScenes\WildScenes2d\K-01\label\1624327216-294331252.png
WildScenes\WildScenes2d\K-01\image\1624327224-267405222.png,WildScenes\WildScenes2d\K-01\label\1624327224-267405222.png
WildScenes\WildScenes2d\K-01\image\1624327229-494659240.png,WildScenes\WildScenes2d\K-01\label\1624327229-494659240.png
WildScenes\WildScenes2d\K-01\image\1624327235-322498693.png,WildScenes\WildScenes2d\K-01\label\1624327235-322498693.png
WildScenes\WildScenes2d\K-01\image\1624327236-193438723.png,WildScenes\WildScenes2d\K-01\label\1624327236-193438723.png
WildScenes\WildScenes2d\K-01\image\1624327237-869184981.png,WildScenes\WildScenes2d\K-01\label\1624327237-869184981.png
WildScenes\WildScenes2d\K-01\image\1624327242-223487990.png,WildScenes\WildScenes2d\K-01\label\1624327242-223487990.png
WildScenes\WildScenes2d\K-01\image\1624327249-326182118.png,WildScenes\WildScenes2d\K-01\label\1624327249-326182118.png
WildScenes\WildScenes2d\K-01\image\1624327253-747576928.png,WildScenes\WildScenes2d\K-01\label\1624327253-747576928.png
WildScenes\WildScenes2d\K-01\image\1624327259-442710805.png,WildScenes\WildScenes2d\K-01\label\1624327259-442710805.png
WildScenes\WildScenes2d\K-01\image\1624327263-261721563.png,WildScenes\WildScenes2d\K-01\label\1624327263-261721563.png
WildScenes\WildScenes2d\K-01\image\1624327266-477665292.png,WildScenes\WildScenes2d\K-01\label\1624327266-477665292.png
WildScenes\WildScenes2d\K-01\image\1624327273-311732622.png,WildScenes\WildScenes2d\K-01\label\1624327273-311732622.png
WildScenes\WildScenes2d\K-01\image\1624327285-305865397.png,WildScenes\WildScenes2d\K-01\label\1624327285-305865397.png
WildScenes\WildScenes2d\K-01\image\1624327292-339995780.png,WildScenes\WildScenes2d\K-01\label\1624327292-339995780.png
WildScenes\WildScenes2d\K-01\image\1624327300-112000503.png,WildScenes\WildScenes2d\K-01\label\1624327300-112000503.png
WildScenes\WildScenes2d\K-01\image\1624327308-758638207.png,WildScenes\WildScenes2d\K-01\label\1624327308-758638207.png
WildScenes\WildScenes2d\K-01\image\1624327317-131107430.png,WildScenes\WildScenes2d\K-01\label\1624327317-131107430.png
WildScenes\WildScenes2d\K-01\image\1624327321-689005795.png,WildScenes\WildScenes2d\K-01\label\1624327321-689005795.png
WildScenes\WildScenes2d\K-01\image\1624327327-180991091.png,WildScenes\WildScenes2d\K-01\label\1624327327-180991091.png
WildScenes\WildScenes2d\K-01\image\1624327334-755826920.png,WildScenes\WildScenes2d\K-01\label\1624327334-755826920.png
WildScenes\WildScenes2d\K-01\image\1624327340-580781558.png,WildScenes\WildScenes2d\K-01\label\1624327340-580781558.png
WildScenes\WildScenes2d\K-01\image\1624327347-080100705.png,WildScenes\WildScenes2d\K-01\label\1624327347-080100705.png
WildScenes\WildScenes2d\K-01\image\1624327353-445590798.png,WildScenes\WildScenes2d\K-01\label\1624327353-445590798.png
WildScenes\WildScenes2d\K-01\image\1624327356-259173143.png,WildScenes\WildScenes2d\K-01\label\1624327356-259173143.png
WildScenes\WildScenes2d\K-01\image\1624327365-102523845.png,WildScenes\WildScenes2d\K-01\label\1624327365-102523845.png
WildScenes\WildScenes2d\K-01\image\1624327369-792403462.png,WildScenes\WildScenes2d\K-01\label\1624327369-792403462.png
WildScenes\WildScenes2d\K-01\image\1624327372-740490127.png,WildScenes\WildScenes2d\K-01\label\1624327372-740490127.png
WildScenes\WildScenes2d\K-01\image\1624327380-780616439.png,WildScenes\WildScenes2d\K-01\label\1624327380-780616439.png
WildScenes\WildScenes2d\K-01\image\1624327390-495700011.png,WildScenes\WildScenes2d\K-01\label\1624327390-495700011.png
WildScenes\WildScenes2d\K-01\image\1624327395-788869100.png,WildScenes\WildScenes2d\K-01\label\1624327395-788869100.png
WildScenes\WildScenes2d\K-01\image\1624327403-561977045.png,WildScenes\WildScenes2d\K-01\label\1624327403-561977045.png
WildScenes\WildScenes2d\K-01\image\1624327412-941996195.png,WildScenes\WildScenes2d\K-01\label\1624327412-941996195.png
WildScenes\WildScenes2d\K-01\image\1624327419-641100494.png,WildScenes\WildScenes2d\K-01\label\1624327419-641100494.png
WildScenes\WildScenes2d\K-01\image\1624327429-155043551.png,WildScenes\WildScenes2d\K-01\label\1624327429-155043551.png
WildScenes\WildScenes2d\K-01\image\1624327435-720975883.png,WildScenes\WildScenes2d\K-01\label\1624327435-720975883.png
WildScenes\WildScenes2d\K-01\image\1624327443-225042899.png,WildScenes\WildScenes2d\K-01\label\1624327443-225042899.png
WildScenes\WildScenes2d\K-01\image\1624327448-585153604.png,WildScenes\WildScenes2d\K-01\label\1624327448-585153604.png
WildScenes\WildScenes2d\K-01\image\1624327456-089229228.png,WildScenes\WildScenes2d\K-01\label\1624327456-089229228.png
WildScenes\WildScenes2d\K-01\image\1624327460-042212792.png,WildScenes\WildScenes2d\K-01\label\1624327460-042212792.png
WildScenes\WildScenes2d\K-01\image\1624327466-541286039.png,WildScenes\WildScenes2d\K-01\label\1624327466-541286039.png
WildScenes\WildScenes2d\K-01\image\1624327468-819266518.png,WildScenes\WildScenes2d\K-01\label\1624327468-819266518.png
WildScenes\WildScenes2d\K-01\image\1624327475-052960232.png,WildScenes\WildScenes2d\K-01\label\1624327475-052960232.png
WildScenes\WildScenes2d\K-01\image\1624327476-527187781.png,WildScenes\WildScenes2d\K-01\label\1624327476-527187781.png
WildScenes\WildScenes2d\K-01\image\1624327479-874396983.png,WildScenes\WildScenes2d\K-01\label\1624327479-874396983.png
WildScenes\WildScenes2d\K-01\image\1624327483-296166482.png,WildScenes\WildScenes2d\K-01\label\1624327483-296166482.png
WildScenes\WildScenes2d\K-01\image\1624327490-531145972.png,WildScenes\WildScenes2d\K-01\label\1624327490-531145972.png
WildScenes\WildScenes2d\K-01\image\1624327497-700699761.png,WildScenes\WildScenes2d\K-01\label\1624327497-700699761.png
WildScenes\WildScenes2d\K-01\image\1624327502-721571598.png,WildScenes\WildScenes2d\K-01\label\1624327502-721571598.png
WildScenes\WildScenes2d\K-01\image\1624327506-071704464.png,WildScenes\WildScenes2d\K-01\label\1624327506-071704464.png
WildScenes\WildScenes2d\K-01\image\1624327511-632655829.png,WildScenes\WildScenes2d\K-01\label\1624327511-632655829.png
WildScenes\WildScenes2d\K-01\image\1624327513-374790749.png,WildScenes\WildScenes2d\K-01\label\1624327513-374790749.png
WildScenes\WildScenes2d\K-01\image\1624327518-332715311.png,WildScenes\WildScenes2d\K-01\label\1624327518-332715311.png
WildScenes\WildScenes2d\K-01\image\1624327528-048416193.png,WildScenes\WildScenes2d\K-01\label\1624327528-048416193.png
WildScenes\WildScenes2d\K-01\image\1624327531-732783264.png,WildScenes\WildScenes2d\K-01\label\1624327531-732783264.png
WildScenes\WildScenes2d\K-01\image\1624327537-965369307.png,WildScenes\WildScenes2d\K-01\label\1624327537-965369307.png
WildScenes\WildScenes2d\K-01\image\1624327544-328783041.png,WildScenes\WildScenes2d\K-01\label\1624327544-328783041.png
WildScenes\WildScenes2d\K-01\image\1624327548-482919472.png,WildScenes\WildScenes2d\K-01\label\1624327548-482919472.png
WildScenes\WildScenes2d\K-01\image\1624327555-183036652.png,WildScenes\WildScenes2d\K-01\label\1624327555-183036652.png
WildScenes\WildScenes2d\K-01\image\1624327561-213072288.png,WildScenes\WildScenes2d\K-01\label\1624327561-213072288.png
WildScenes\WildScenes2d\K-01\image\1624327566-506020533.png,WildScenes\WildScenes2d\K-01\label\1624327566-506020533.png
WildScenes\WildScenes2d\K-01\image\1624327570-191186684.png,WildScenes\WildScenes2d\K-01\label\1624327570-191186684.png
WildScenes\WildScenes2d\K-01\image\1624327572-871083276.png,WildScenes\WildScenes2d\K-01\label\1624327572-871083276.png
WildScenes\WildScenes2d\K-01\image\1624327581-849787398.png,WildScenes\WildScenes2d\K-01\label\1624327581-849787398.png
WildScenes\WildScenes2d\K-01\image\1624327588-348940009.png,WildScenes\WildScenes2d\K-01\label\1624327588-348940009.png
WildScenes\WildScenes2d\K-01\image\1624327593-913326328.png,WildScenes\WildScenes2d\K-01\label\1624327593-913326328.png
WildScenes\WildScenes2d\K-01\image\1624327599-538084946.png,WildScenes\WildScenes2d\K-01\label\1624327599-538084946.png
WildScenes\WildScenes2d\K-01\image\1624327601-748328024.png,WildScenes\WildScenes2d\K-01\label\1624327601-748328024.png
WildScenes\WildScenes2d\K-01\image\1624327605-768996538.png,WildScenes\WildScenes2d\K-01\label\1624327605-768996538.png
WildScenes\WildScenes2d\K-01\image\1624327608-917354171.png,WildScenes\WildScenes2d\K-01\label\1624327608-917354171.png
WildScenes\WildScenes2d\K-01\image\1624327612-267401465.png,WildScenes\WildScenes2d\K-01\label\1624327612-267401465.png
WildScenes\WildScenes2d\K-01\image\1624327618-967471603.png,WildScenes\WildScenes2d\K-01\label\1624327618-967471603.png
WildScenes\WildScenes2d\K-01\image\1624327623-255483940.png,WildScenes\WildScenes2d\K-01\label\1624327623-255483940.png
WildScenes\WildScenes2d\K-01\image\1624327628-885835635.png,WildScenes\WildScenes2d\K-01\label\1624327628-885835635.png
WildScenes\WildScenes2d\K-01\image\1624327634-645968185.png,WildScenes\WildScenes2d\K-01\label\1624327634-645968185.png
WildScenes\WildScenes2d\K-01\image\1624327643-087660866.png,WildScenes\WildScenes2d\K-01\label\1624327643-087660866.png
WildScenes\WildScenes2d\K-01\image\1624327650-323742459.png,WildScenes\WildScenes2d\K-01\label\1624327650-323742459.png
WildScenes\WildScenes2d\K-01\image\1624327652-601758043.png,WildScenes\WildScenes2d\K-01\label\1624327652-601758043.png
WildScenes\WildScenes2d\K-01\image\1624327658-363764414.png,WildScenes\WildScenes2d\K-01\label\1624327658-363764414.png
WildScenes\WildScenes2d\K-01\image\1624327661-580324142.png,WildScenes\WildScenes2d\K-01\label\1624327661-580324142.png
WildScenes\WildScenes2d\K-01\image\1624327663-120900287.png,WildScenes\WildScenes2d\K-01\label\1624327663-120900287.png
WildScenes\WildScenes2d\K-01\image\1624327664-193390131.png,WildScenes\WildScenes2d\K-01\label\1624327664-193390131.png
WildScenes\WildScenes2d\K-01\image\1624327670-155858775.png,WildScenes\WildScenes2d\K-01\label\1624327670-155858775.png
WildScenes\WildScenes2d\K-01\image\1624327674-376865139.png,WildScenes\WildScenes2d\K-01\label\1624327674-376865139.png
WildScenes\WildScenes2d\K-01\image\1624327682-618337736.png,WildScenes\WildScenes2d\K-01\label\1624327682-618337736.png
WildScenes\WildScenes2d\K-01\image\1624327690-391700958.png,WildScenes\WildScenes2d\K-01\label\1624327690-391700958.png
WildScenes\WildScenes2d\K-01\image\1624327697-760095243.png,WildScenes\WildScenes2d\K-01\label\1624327697-760095243.png
WildScenes\WildScenes2d\K-01\image\1624327701-512128030.png,WildScenes\WildScenes2d\K-01\label\1624327701-512128030.png
WildScenes\WildScenes2d\K-01\image\1624327705-264105647.png,WildScenes\WildScenes2d\K-01\label\1624327705-264105647.png
WildScenes\WildScenes2d\K-01\image\1624327709-754660359.png,WildScenes\WildScenes2d\K-01\label\1624327709-754660359.png
WildScenes\WildScenes2d\K-01\image\1624327716-856951331.png,WildScenes\WildScenes2d\K-01\label\1624327716-856951331.png
WildScenes\WildScenes2d\K-01\image\1624327721-278409888.png,WildScenes\WildScenes2d\K-01\label\1624327721-278409888.png
WildScenes\WildScenes2d\K-01\image\1624327729-116455415.png,WildScenes\WildScenes2d\K-01\label\1624327729-116455415.png
WildScenes\WildScenes2d\K-01\image\1624327737-491413754.png,WildScenes\WildScenes2d\K-01\label\1624327737-491413754.png
WildScenes\WildScenes2d\K-01\image\1624327745-063685072.png,WildScenes\WildScenes2d\K-01\label\1624327745-063685072.png
WildScenes\WildScenes2d\K-01\image\1624327755-179499260.png,WildScenes\WildScenes2d\K-01\label\1624327755-179499260.png
WildScenes\WildScenes2d\K-01\image\1624327757-524545393.png,WildScenes\WildScenes2d\K-01\label\1624327757-524545393.png
WildScenes\WildScenes2d\K-01\image\1624327761-812554690.png,WildScenes\WildScenes2d\K-01\label\1624327761-812554690.png
WildScenes\WildScenes2d\K-01\image\1624327769-187652826.png,WildScenes\WildScenes2d\K-01\label\1624327769-187652826.png
WildScenes\WildScenes2d\K-01\image\1624327774-475655835.png,WildScenes\WildScenes2d\K-01\label\1624327774-475655835.png
WildScenes\WildScenes2d\K-01\image\1624327779-634676717.png,WildScenes\WildScenes2d\K-01\label\1624327779-634676717.png
WildScenes\WildScenes2d\K-01\image\1624327788-076847374.png,WildScenes\WildScenes2d\K-01\label\1624327788-076847374.png
WildScenes\WildScenes2d\K-01\image\1624327798-602298538.png,WildScenes\WildScenes2d\K-01\label\1624327798-602298538.png
WildScenes\WildScenes2d\K-01\image\1624327806-501901383.png,WildScenes\WildScenes2d\K-01\label\1624327806-501901383.png
WildScenes\WildScenes2d\K-01\image\1624327816-552045185.png,WildScenes\WildScenes2d\K-01\label\1624327816-552045185.png
WildScenes\WildScenes2d\K-01\image\1624327828-679168094.png,WildScenes\WildScenes2d\K-01\label\1624327828-679168094.png
WildScenes\WildScenes2d\K-01\image\1624327838-595182377.png,WildScenes\WildScenes2d\K-01\label\1624327838-595182377.png
WildScenes\WildScenes2d\K-01\image\1624327841-610178242.png,WildScenes\WildScenes2d\K-01\label\1624327841-610178242.png
WildScenes\WildScenes2d\K-01\image\1624327843-285249299.png,WildScenes\WildScenes2d\K-01\label\1624327843-285249299.png
WildScenes\WildScenes2d\K-01\image\1624327846-434245651.png,WildScenes\WildScenes2d\K-01\label\1624327846-434245651.png
WildScenes\WildScenes2d\K-01\image\1624327853-603296119.png,WildScenes\WildScenes2d\K-01\label\1624327853-603296119.png
WildScenes\WildScenes2d\K-01\image\1624327863-452350288.png,WildScenes\WildScenes2d\K-01\label\1624327863-452350288.png
WildScenes\WildScenes2d\K-01\image\1624327872-229795554.png,WildScenes\WildScenes2d\K-01\label\1624327872-229795554.png
WildScenes\WildScenes2d\K-01\image\1624327880-269469075.png,WildScenes\WildScenes2d\K-01\label\1624327880-269469075.png
WildScenes\WildScenes2d\K-01\image\1624327889-850736489.png,WildScenes\WildScenes2d\K-01\label\1624327889-850736489.png
WildScenes\WildScenes2d\K-01\image\1624327898-026584045.png,WildScenes\WildScenes2d\K-01\label\1624327898-026584045.png
WildScenes\WildScenes2d\K-01\image\1624327905-528645105.png,WildScenes\WildScenes2d\K-01\label\1624327905-528645105.png
WildScenes\WildScenes2d\K-01\image\1624327911-625817983.png,WildScenes\WildScenes2d\K-01\label\1624327911-625817983.png
WildScenes\WildScenes2d\K-01\image\1624327913-300725800.png,WildScenes\WildScenes2d\K-01\label\1624327913-300725800.png
WildScenes\WildScenes2d\K-01\image\1624327916-987397081.png,WildScenes\WildScenes2d\K-01\label\1624327916-987397081.png
WildScenes\WildScenes2d\K-01\image\1624327919-737826541.png,WildScenes\WildScenes2d\K-01\label\1624327919-737826541.png
WildScenes\WildScenes2d\K-01\image\1624327923-618788621.png,WildScenes\WildScenes2d\K-01\label\1624327923-618788621.png
WildScenes\WildScenes2d\K-01\image\1624327926-030848919.png,WildScenes\WildScenes2d\K-01\label\1624327926-030848919.png
WildScenes\WildScenes2d\K-01\image\1624327929-319040031.png,WildScenes\WildScenes2d\K-01\label\1624327929-319040031.png
WildScenes\WildScenes2d\K-01\image\1624327932-261785344.png,WildScenes\WildScenes2d\K-01\label\1624327932-261785344.png
WildScenes\WildScenes2d\K-01\image\1624327939-095960007.png,WildScenes\WildScenes2d\K-01\label\1624327939-095960007.png
WildScenes\WildScenes2d\K-01\image\1624327941-909921507.png,WildScenes\WildScenes2d\K-01\label\1624327941-909921507.png
WildScenes\WildScenes2d\K-01\image\1624327945-197931298.png,WildScenes\WildScenes2d\K-01\label\1624327945-197931298.png
WildScenes\WildScenes2d\K-01\image\1624327957-119078446.png,WildScenes\WildScenes2d\K-01\label\1624327957-119078446.png
WildScenes\WildScenes2d\K-01\image\1624327969-247508491.png,WildScenes\WildScenes2d\K-01\label\1624327969-247508491.png
WildScenes\WildScenes2d\K-01\image\1624327973-534126295.png,WildScenes\WildScenes2d\K-01\label\1624327973-534126295.png
WildScenes\WildScenes2d\K-01\image\1624327983-182224183.png,WildScenes\WildScenes2d\K-01\label\1624327983-182224183.png
WildScenes\WildScenes2d\K-01\image\1624327992-227324806.png,WildScenes\WildScenes2d\K-01\label\1624327992-227324806.png
WildScenes\WildScenes2d\K-01\image\1624328001-741404191.png,WildScenes\WildScenes2d\K-01\label\1624328001-741404191.png
WildScenes\WildScenes2d\K-01\image\1624328013-533471990.png,WildScenes\WildScenes2d\K-01\label\1624328013-533471990.png
WildScenes\WildScenes2d\K-01\image\1624328021-372557793.png,WildScenes\WildScenes2d\K-01\label\1624328021-372557793.png
WildScenes\WildScenes2d\K-01\image\1624328024-859282667.png,WildScenes\WildScenes2d\K-01\label\1624328024-859282667.png
WildScenes\WildScenes2d\K-01\image\1624328030-082529543.png,WildScenes\WildScenes2d\K-01\label\1624328030-082529543.png
WildScenes\WildScenes2d\K-01\image\1624328034-973613421.png,WildScenes\WildScenes2d\K-01\label\1624328034-973613421.png
WildScenes\WildScenes2d\K-01\image\1624328036-380672846.png,WildScenes\WildScenes2d\K-01\label\1624328036-380672846.png
WildScenes\WildScenes2d\K-01\image\1624328042-075667965.png,WildScenes\WildScenes2d\K-01\label\1624328042-075667965.png
WildScenes\WildScenes2d\K-01\image\1624328051-120820878.png,WildScenes\WildScenes2d\K-01\label\1624328051-120820878.png
WildScenes\WildScenes2d\K-01\image\1624328059-428839232.png,WildScenes\WildScenes2d\K-01\label\1624328059-428839232.png
WildScenes\WildScenes2d\K-01\image\1624328070-283926869.png,WildScenes\WildScenes2d\K-01\label\1624328070-283926869.png
WildScenes\WildScenes2d\K-01\image\1624328080-131961917.png,WildScenes\WildScenes2d\K-01\label\1624328080-131961917.png
WildScenes\WildScenes2d\K-01\image\1624328085-224015068.png,WildScenes\WildScenes2d\K-01\label\1624328085-224015068.png
WildScenes\WildScenes2d\K-01\image\1624328090-852142397.png,WildScenes\WildScenes2d\K-01\label\1624328090-852142397.png
WildScenes\WildScenes2d\K-01\image\1624328093-935880352.png,WildScenes\WildScenes2d\K-01\label\1624328093-935880352.png
WildScenes\WildScenes2d\K-01\image\1624328099-295175369.png,WildScenes\WildScenes2d\K-01\label\1624328099-295175369.png
WildScenes\WildScenes2d\K-01\image\1624328101-639125064.png,WildScenes\WildScenes2d\K-01\label\1624328101-639125064.png
WildScenes\WildScenes2d\K-01\image\1624328105-994151533.png,WildScenes\WildScenes2d\K-01\label\1624328105-994151533.png
WildScenes\WildScenes2d\K-01\image\1624328109-612620527.png,WildScenes\WildScenes2d\K-01\label\1624328109-612620527.png
WildScenes\WildScenes2d\K-01\image\1624328110-619580184.png,WildScenes\WildScenes2d\K-01\label\1624328110-619580184.png
WildScenes\WildScenes2d\K-01\image\1624328111-622180330.png,WildScenes\WildScenes2d\K-01\label\1624328111-622180330.png
WildScenes\WildScenes2d\K-01\image\1624328112-895591445.png,WildScenes\WildScenes2d\K-01\label\1624328112-895591445.png
WildScenes\WildScenes2d\K-01\image\1624328113-833192086.png,WildScenes\WildScenes2d\K-01\label\1624328113-833192086.png
WildScenes\WildScenes2d\K-01\image\1624328114-771351954.png,WildScenes\WildScenes2d\K-01\label\1624328114-771351954.png
WildScenes\WildScenes2d\K-01\image\1624328116-647262999.png,WildScenes\WildScenes2d\K-01\label\1624328116-647262999.png
WildScenes\WildScenes2d\K-01\image\1624328120-667570471.png,WildScenes\WildScenes2d\K-01\label\1624328120-667570471.png
WildScenes\WildScenes2d\K-01\image\1624328124-285328357.png,WildScenes\WildScenes2d\K-01\label\1624328124-285328357.png
WildScenes\WildScenes2d\K-01\image\1624328127-568321453.png,WildScenes\WildScenes2d\K-01\label\1624328127-568321453.png
WildScenes\WildScenes2d\K-01\image\1624328128-171325791.png,WildScenes\WildScenes2d\K-01\label\1624328128-171325791.png
WildScenes\WildScenes2d\K-01\image\1624328129-109333172.png,WildScenes\WildScenes2d\K-01\label\1624328129-109333172.png
WildScenes\WildScenes2d\K-01\image\1624328130-449321598.png,WildScenes\WildScenes2d\K-01\label\1624328130-449321598.png
WildScenes\WildScenes2d\K-01\image\1624328137-283387936.png,WildScenes\WildScenes2d\K-01\label\1624328137-283387936.png
WildScenes\WildScenes2d\K-01\image\1624328140-164425459.png,WildScenes\WildScenes2d\K-01\label\1624328140-164425459.png
WildScenes\WildScenes2d\K-01\image\1624328147-735450156.png,WildScenes\WildScenes2d\K-01\label\1624328147-735450156.png
WildScenes\WildScenes2d\K-01\image\1624328152-023494110.png,WildScenes\WildScenes2d\K-01\label\1624328152-023494110.png
WildScenes\WildScenes2d\K-01\image\1624328156-043434908.png,WildScenes\WildScenes2d\K-01\label\1624328156-043434908.png
WildScenes\WildScenes2d\K-01\image\1624328161-738602163.png,WildScenes\WildScenes2d\K-01\label\1624328161-738602163.png
WildScenes\WildScenes2d\K-01\image\1624328168-844238580.png,WildScenes\WildScenes2d\K-01\label\1624328168-844238580.png
WildScenes\WildScenes2d\K-01\image\1624328173-463752858.png,WildScenes\WildScenes2d\K-01\label\1624328173-463752858.png
WildScenes\WildScenes2d\K-01\image\1624328177-952766694.png,WildScenes\WildScenes2d\K-01\label\1624328177-952766694.png
WildScenes\WildScenes2d\K-01\image\1624328184-118675614.png,WildScenes\WildScenes2d\K-01\label\1624328184-118675614.png
WildScenes\WildScenes2d\K-01\image\1624328185-123044231.png,WildScenes\WildScenes2d\K-01\label\1624328185-123044231.png
WildScenes\WildScenes2d\K-01\image\1624328195-707788857.png,WildScenes\WildScenes2d\K-01\label\1624328195-707788857.png
WildScenes\WildScenes2d\K-01\image\1624328199-057838903.png,WildScenes\WildScenes2d\K-01\label\1624328199-057838903.png
WildScenes\WildScenes2d\K-01\image\1624328202-943903667.png,WildScenes\WildScenes2d\K-01\label\1624328202-943903667.png
WildScenes\WildScenes2d\K-01\image\1624328204-217958527.png,WildScenes\WildScenes2d\K-01\label\1624328204-217958527.png
WildScenes\WildScenes2d\K-01\image\1624328208-035952467.png,WildScenes\WildScenes2d\K-01\label\1624328208-035952467.png
WildScenes\WildScenes2d\K-01\image\1624328214-065997894.png,WildScenes\WildScenes2d\K-01\label\1624328214-065997894.png
WildScenes\WildScenes2d\K-01\image\1624328218-086033193.png,WildScenes\WildScenes2d\K-01\label\1624328218-086033193.png
WildScenes\WildScenes2d\K-01\image\1624328219-963034916.png,WildScenes\WildScenes2d\K-01\label\1624328219-963034916.png
WildScenes\WildScenes2d\K-01\image\1624328229-813848948.png,WildScenes\WildScenes2d\K-01\label\1624328229-813848948.png
WildScenes\WildScenes2d\K-01\image\1624328231-553130351.png,WildScenes\WildScenes2d\K-01\label\1624328231-553130351.png
WildScenes\WildScenes2d\K-01\image\1624328235-976337667.png,WildScenes\WildScenes2d\K-01\label\1624328235-976337667.png
WildScenes\WildScenes2d\K-01\image\1624328244-082700857.png,WildScenes\WildScenes2d\K-01\label\1624328244-082700857.png
WildScenes\WildScenes2d\K-01\image\1624328255-606334891.png,WildScenes\WildScenes2d\K-01\label\1624328255-606334891.png
WildScenes\WildScenes2d\K-01\image\1624328265-254400171.png,WildScenes\WildScenes2d\K-01\label\1624328265-254400171.png
WildScenes\WildScenes2d\K-01\image\1624328273-562520801.png,WildScenes\WildScenes2d\K-01\label\1624328273-562520801.png
WildScenes\WildScenes2d\K-01\image\1624328283-411446549.png,WildScenes\WildScenes2d\K-01\label\1624328283-411446549.png
WildScenes\WildScenes2d\K-01\image\1624328289-106460644.png,WildScenes\WildScenes2d\K-01\label\1624328289-106460644.png
WildScenes\WildScenes2d\K-01\image\1624328299-424636430.png,WildScenes\WildScenes2d\K-01\label\1624328299-424636430.png
WildScenes\WildScenes2d\K-01\image\1624328307-264291925.png,WildScenes\WildScenes2d\K-01\label\1624328307-264291925.png
WildScenes\WildScenes2d\K-01\image\1624328318-117761658.png,WildScenes\WildScenes2d\K-01\label\1624328318-117761658.png
WildScenes\WildScenes2d\K-01\image\1624328326-559889817.png,WildScenes\WildScenes2d\K-01\label\1624328326-559889817.png
WildScenes\WildScenes2d\K-01\image\1624328334-867842600.png,WildScenes\WildScenes2d\K-01\label\1624328334-867842600.png
WildScenes\WildScenes2d\K-01\image\1624328343-243127450.png,WildScenes\WildScenes2d\K-01\label\1624328343-243127450.png
WildScenes\WildScenes2d\K-01\image\1624328354-164021032.png,WildScenes\WildScenes2d\K-01\label\1624328354-164021032.png
WildScenes\WildScenes2d\K-01\image\1624328364-415081497.png,WildScenes\WildScenes2d\K-01\label\1624328364-415081497.png
WildScenes\WildScenes2d\K-01\image\1624328373-326202274.png,WildScenes\WildScenes2d\K-01\label\1624328373-326202274.png
WildScenes\WildScenes2d\K-01\image\1624328382-773218019.png,WildScenes\WildScenes2d\K-01\label\1624328382-773218019.png
WildScenes\WildScenes2d\K-01\image\1624328393-158307164.png,WildScenes\WildScenes2d\K-01\label\1624328393-158307164.png
WildScenes\WildScenes2d\K-01\image\1624328403-677347675.png,WildScenes\WildScenes2d\K-01\label\1624328403-677347675.png
WildScenes\WildScenes2d\K-01\image\1624328412-052720050.png,WildScenes\WildScenes2d\K-01\label\1624328412-052720050.png
WildScenes\WildScenes2d\K-01\image\1624328418-689244100.png,WildScenes\WildScenes2d\K-01\label\1624328418-689244100.png
WildScenes\WildScenes2d\K-01\image\1624328427-463166406.png,WildScenes\WildScenes2d\K-01\label\1624328427-463166406.png
WildScenes\WildScenes2d\K-01\image\1624328433-693604343.png,WildScenes\WildScenes2d\K-01\label\1624328433-693604343.png
WildScenes\WildScenes2d\K-01\image\1624328438-986628625.png,WildScenes\WildScenes2d\K-01\label\1624328438-986628625.png
WildScenes\WildScenes2d\K-01\image\1624328442-269736286.png,WildScenes\WildScenes2d\K-01\label\1624328442-269736286.png
WildScenes\WildScenes2d\K-01\image\1624328443-475621852.png,WildScenes\WildScenes2d\K-01\label\1624328443-475621852.png
WildScenes\WildScenes2d\K-01\image\1624328447-696828802.png,WildScenes\WildScenes2d\K-01\label\1624328447-696828802.png
WildScenes\WildScenes2d\K-01\image\1624328448-768816925.png,WildScenes\WildScenes2d\K-01\label\1624328448-768816925.png
WildScenes\WildScenes2d\K-01\image\1624328450-443738535.png,WildScenes\WildScenes2d\K-01\label\1624328450-443738535.png
WildScenes\WildScenes2d\K-01\image\1624328451-248123399.png,WildScenes\WildScenes2d\K-01\label\1624328451-248123399.png
WildScenes\WildScenes2d\K-01\image\1624328451-783768692.png,WildScenes\WildScenes2d\K-01\label\1624328451-783768692.png
WildScenes\WildScenes2d\K-01\image\1624328453-726792434.png,WildScenes\WildScenes2d\K-01\label\1624328453-726792434.png
WildScenes\WildScenes2d\K-01\image\1624328454-999948977.png,WildScenes\WildScenes2d\K-01\label\1624328454-999948977.png
WildScenes\WildScenes2d\K-01\image\1624328463-575977970.png,WildScenes\WildScenes2d\K-01\label\1624328463-575977970.png
WildScenes\WildScenes2d\K-01\image\1624328471-615906640.png,WildScenes\WildScenes2d\K-01\label\1624328471-615906640.png
WildScenes\WildScenes2d\K-01\image\1624328480-795232146.png,WildScenes\WildScenes2d\K-01\label\1624328480-795232146.png
WildScenes\WildScenes2d\K-01\image\1624328489-639087450.png,WildScenes\WildScenes2d\K-01\label\1624328489-639087450.png
WildScenes\WildScenes2d\K-01\image\1624328497-746089647.png,WildScenes\WildScenes2d\K-01\label\1624328497-746089647.png
WildScenes\WildScenes2d\K-01\image\1624328508-734244478.png,WildScenes\WildScenes2d\K-01\label\1624328508-734244478.png
WildScenes\WildScenes2d\K-01\image\1624328515-300285359.png,WildScenes\WildScenes2d\K-01\label\1624328515-300285359.png
WildScenes\WildScenes2d\K-01\image\1624328523-474301754.png,WildScenes\WildScenes2d\K-01\label\1624328523-474301754.png
WildScenes\WildScenes2d\K-01\image\1624328532-854394347.png,WildScenes\WildScenes2d\K-01\label\1624328532-854394347.png
WildScenes\WildScenes2d\K-01\image\1624328543-507464083.png,WildScenes\WildScenes2d\K-01\label\1624328543-507464083.png
WildScenes\WildScenes2d\K-01\image\1624328554-361824324.png,WildScenes\WildScenes2d\K-01\label\1624328554-361824324.png
WildScenes\WildScenes2d\K-01\image\1624328564-143613533.png,WildScenes\WildScenes2d\K-01\label\1624328564-143613533.png
WildScenes\WildScenes2d\K-01\image\1624328574-863683448.png,WildScenes\WildScenes2d\K-01\label\1624328574-863683448.png
WildScenes\WildScenes2d\K-01\image\1624328585-584275373.png,WildScenes\WildScenes2d\K-01\label\1624328585-584275373.png
WildScenes\WildScenes2d\K-01\image\1624328595-030861305.png,WildScenes\WildScenes2d\K-01\label\1624328595-030861305.png
WildScenes\WildScenes2d\K-01\image\1624328603-544962690.png,WildScenes\WildScenes2d\K-01\label\1624328603-544962690.png
WildScenes\WildScenes2d\K-01\image\1624328607-894969967.png,WildScenes\WildScenes2d\K-01\label\1624328607-894969967.png
WildScenes\WildScenes2d\K-01\image\1624328616-337012489.png,WildScenes\WildScenes2d\K-01\label\1624328616-337012489.png
WildScenes\WildScenes2d\K-01\image\1624328623-975175516.png,WildScenes\WildScenes2d\K-01\label\1624328623-975175516.png
WildScenes\WildScenes2d\K-01\image\1624328629-871198280.png,WildScenes\WildScenes2d\K-01\label\1624328629-871198280.png
WildScenes\WildScenes2d\K-01\image\1624328640-323696265.png,WildScenes\WildScenes2d\K-01\label\1624328640-323696265.png
WildScenes\WildScenes2d\K-01\image\1624328649-904318078.png,WildScenes\WildScenes2d\K-01\label\1624328649-904318078.png
WildScenes\WildScenes2d\K-01\image\1624328656-537928256.png,WildScenes\WildScenes2d\K-01\label\1624328656-537928256.png
WildScenes\WildScenes2d\K-01\image\1624328658-547377525.png,WildScenes\WildScenes2d\K-01\label\1624328658-547377525.png
WildScenes\WildScenes2d\K-01\image\1624328666-788401907.png,WildScenes\WildScenes2d\K-01\label\1624328666-788401907.png
WildScenes\WildScenes2d\K-01\image\1624328675-498466494.png,WildScenes\WildScenes2d\K-01\label\1624328675-498466494.png
WildScenes\WildScenes2d\K-01\image\1624328680-925568611.png,WildScenes\WildScenes2d\K-01\label\1624328680-925568611.png
WildScenes\WildScenes2d\K-01\image\1624328691-379184571.png,WildScenes\WildScenes2d\K-01\label\1624328691-379184571.png
WildScenes\WildScenes2d\K-01\image\1624328699-417635537.png,WildScenes\WildScenes2d\K-01\label\1624328699-417635537.png
WildScenes\WildScenes2d\K-01\image\1624328707-055709664.png,WildScenes\WildScenes2d\K-01\label\1624328707-055709664.png
WildScenes\WildScenes2d\K-01\image\1624328715-296777312.png,WildScenes\WildScenes2d\K-01\label\1624328715-296777312.png
WildScenes\WildScenes2d\K-01\image\1624328723-537856097.png,WildScenes\WildScenes2d\K-01\label\1624328723-537856097.png
WildScenes\WildScenes2d\K-01\image\1624328731-443875165.png,WildScenes\WildScenes2d\K-01\label\1624328731-443875165.png
WildScenes\WildScenes2d\K-01\image\1624328739-218696475.png,WildScenes\WildScenes2d\K-01\label\1624328739-218696475.png
WildScenes\WildScenes2d\K-01\image\1624328749-802003526.png,WildScenes\WildScenes2d\K-01\label\1624328749-802003526.png
WildScenes\WildScenes2d\K-01\image\1624328755-095165158.png,WildScenes\WildScenes2d\K-01\label\1624328755-095165158.png
WildScenes\WildScenes2d\K-01\image\1624328765-753421295.png,WildScenes\WildScenes2d\K-01\label\1624328765-753421295.png
WildScenes\WildScenes2d\K-01\image\1624328773-185183676.png,WildScenes\WildScenes2d\K-01\label\1624328773-185183676.png
WildScenes\WildScenes2d\K-01\image\1624328775-932275402.png,WildScenes\WildScenes2d\K-01\label\1624328775-932275402.png
WildScenes\WildScenes2d\K-01\image\1624328786-518226744.png,WildScenes\WildScenes2d\K-01\label\1624328786-518226744.png
WildScenes\WildScenes2d\K-01\image\1624328794-898477472.png,WildScenes\WildScenes2d\K-01\label\1624328794-898477472.png
WildScenes\WildScenes2d\K-01\image\1624328803-737441942.png,WildScenes\WildScenes2d\K-01\label\1624328803-737441942.png
WildScenes\WildScenes2d\K-01\image\1624328812-581468422.png,WildScenes\WildScenes2d\K-01\label\1624328812-581468422.png
WildScenes\WildScenes2d\K-01\image\1624328820-353569758.png,WildScenes\WildScenes2d\K-01\label\1624328820-353569758.png
WildScenes\WildScenes2d\K-01\image\1624328822-168122150.png,WildScenes\WildScenes2d\K-01\label\1624328822-168122150.png
WildScenes\WildScenes2d\K-01\image\1624328825-646639930.png,WildScenes\WildScenes2d\K-01\label\1624328825-646639930.png
WildScenes\WildScenes2d\K-01\image\1624328831-341619623.png,WildScenes\WildScenes2d\K-01\label\1624328831-341619623.png
WildScenes\WildScenes2d\K-01\image\1624328834-427448401.png,WildScenes\WildScenes2d\K-01\label\1624328834-427448401.png
WildScenes\WildScenes2d\K-01\image\1624328838-108689621.png,WildScenes\WildScenes2d\K-01\label\1624328838-108689621.png
WildScenes\WildScenes2d\K-01\image\1624328839-383038639.png,WildScenes\WildScenes2d\K-01\label\1624328839-383038639.png
WildScenes\WildScenes2d\K-01\image\1624328840-789818403.png,WildScenes\WildScenes2d\K-01\label\1624328840-789818403.png
WildScenes\WildScenes2d\K-01\image\1624328844-207766849.png,WildScenes\WildScenes2d\K-01\label\1624328844-207766849.png
WildScenes\WildScenes2d\K-01\image\1624328845-210809961.png,WildScenes\WildScenes2d\K-01\label\1624328845-210809961.png
WildScenes\WildScenes2d\K-01\image\1624328849-833815324.png,WildScenes\WildScenes2d\K-01\label\1624328849-833815324.png
WildScenes\WildScenes2d\K-01\image\1624328855-059778782.png,WildScenes\WildScenes2d\K-01\label\1624328855-059778782.png
WildScenes\WildScenes2d\K-01\image\1624328867-321008904.png,WildScenes\WildScenes2d\K-01\label\1624328867-321008904.png
WildScenes\WildScenes2d\K-01\image\1624328872-480005080.png,WildScenes\WildScenes2d\K-01\label\1624328872-480005080.png
WildScenes\WildScenes2d\K-01\image\1624328873-351090141.png,WildScenes\WildScenes2d\K-01\label\1624328873-351090141.png
WildScenes\WildScenes2d\K-01\image\1624328873-888419965.png,WildScenes\WildScenes2d\K-01\label\1624328873-888419965.png
WildScenes\WildScenes2d\K-01\image\1624328874-423364839.png,WildScenes\WildScenes2d\K-01\label\1624328874-423364839.png
WildScenes\WildScenes2d\K-01\image\1624328876-098030724.png,WildScenes\WildScenes2d\K-01\label\1624328876-098030724.png
WildScenes\WildScenes2d\K-01\image\1624328877-706101122.png,WildScenes\WildScenes2d\K-01\label\1624328877-706101122.png
WildScenes\WildScenes2d\K-01\image\1624328888-227458643.png,WildScenes\WildScenes2d\K-01\label\1624328888-227458643.png
WildScenes\WildScenes2d\K-01\image\1624328898-677136329.png,WildScenes\WildScenes2d\K-01\label\1624328898-677136329.png
WildScenes\WildScenes2d\K-01\image\1624328906-586034771.png,WildScenes\WildScenes2d\K-01\label\1624328906-586034771.png
WildScenes\WildScenes2d\K-01\image\1624328908-928312607.png,WildScenes\WildScenes2d\K-01\label\1624328908-928312607.png
WildScenes\WildScenes2d\K-01\image\1624328914-422656580.png,WildScenes\WildScenes2d\K-01\label\1624328914-422656580.png
WildScenes\WildScenes2d\K-01\image\1624328917-304727178.png,WildScenes\WildScenes2d\K-01\label\1624328917-304727178.png
WildScenes\WildScenes2d\K-01\image\1624328918-576363965.png,WildScenes\WildScenes2d\K-01\label\1624328918-576363965.png
WildScenes\WildScenes2d\K-01\image\1624328925-410610504.png,WildScenes\WildScenes2d\K-01\label\1624328925-410610504.png
WildScenes\WildScenes2d\K-01\image\1624328927-755441139.png,WildScenes\WildScenes2d\K-01\label\1624328927-755441139.png
WildScenes\WildScenes2d\K-01\image\1624328928-291388590.png,WildScenes\WildScenes2d\K-01\label\1624328928-291388590.png
WildScenes\WildScenes2d\K-01\image\1624328928-693465193.png,WildScenes\WildScenes2d\K-01\label\1624328928-693465193.png
WildScenes\WildScenes2d\K-01\image\1624328929-698472337.png,WildScenes\WildScenes2d\K-01\label\1624328929-698472337.png
WildScenes\WildScenes2d\K-01\image\1624328936-867480915.png,WildScenes\WildScenes2d\K-01\label\1624328936-867480915.png
WildScenes\WildScenes2d\K-01\image\1624328945-577470554.png,WildScenes\WildScenes2d\K-01\label\1624328945-577470554.png
WildScenes\WildScenes2d\K-01\image\1624328956-699289471.png,WildScenes\WildScenes2d\K-01\label\1624328956-699289471.png
WildScenes\WildScenes2d\K-01\image\1624328964-136577789.png,WildScenes\WildScenes2d\K-01\label\1624328964-136577789.png
WildScenes\WildScenes2d\K-01\image\1624328974-320760864.png,WildScenes\WildScenes2d\K-01\label\1624328974-320760864.png
WildScenes\WildScenes2d\K-01\image\1624328978-541927813.png,WildScenes\WildScenes2d\K-01\label\1624328978-541927813.png
WildScenes\WildScenes2d\K-01\image\1624328979-546830728.png,WildScenes\WildScenes2d\K-01\label\1624328979-546830728.png
WildScenes\WildScenes2d\K-01\image\1624328981-221887417.png,WildScenes\WildScenes2d\K-01\label\1624328981-221887417.png
WildScenes\WildScenes2d\K-01\image\1624328993-683956182.png,WildScenes\WildScenes2d\K-01\label\1624328993-683956182.png
WildScenes\WildScenes2d\K-01\image\1624329007-284974047.png,WildScenes\WildScenes2d\K-01\label\1624329007-284974047.png
WildScenes\WildScenes2d\K-01\image\1624329009-027102631.png,WildScenes\WildScenes2d\K-01\label\1624329009-027102631.png
WildScenes\WildScenes2d\K-01\image\1624329009-696952005.png,WildScenes\WildScenes2d\K-01\label\1624329009-696952005.png
WildScenes\WildScenes2d\K-01\image\1624329010-635233416.png,WildScenes\WildScenes2d\K-01\label\1624329010-635233416.png
WildScenes\WildScenes2d\K-01\image\1624329011-774049070.png,WildScenes\WildScenes2d\K-01\label\1624329011-774049070.png
WildScenes\WildScenes2d\K-01\image\1624329015-393697994.png,WildScenes\WildScenes2d\K-01\label\1624329015-393697994.png
WildScenes\WildScenes2d\K-01\image\1624329022-628166772.png,WildScenes\WildScenes2d\K-01\label\1624329022-628166772.png
WildScenes\WildScenes2d\K-01\image\1624329030-534254418.png,WildScenes\WildScenes2d\K-01\label\1624329030-534254418.png
WildScenes\WildScenes2d\K-01\image\1624329040-517267890.png,WildScenes\WildScenes2d\K-01\label\1624329040-517267890.png
WildScenes\WildScenes2d\K-01\image\1624329048-962175130.png,WildScenes\WildScenes2d\K-01\label\1624329048-962175130.png
WildScenes\WildScenes2d\K-01\image\1624329053-180381004.png,WildScenes\WildScenes2d\K-01\label\1624329053-180381004.png
WildScenes\WildScenes2d\K-01\image\1624329057-133567618.png,WildScenes\WildScenes2d\K-01\label\1624329057-133567618.png
WildScenes\WildScenes2d\K-01\image\1624329067-786837524.png,WildScenes\WildScenes2d\K-01\label\1624329067-786837524.png
WildScenes\WildScenes2d\K-01\image\1624329077-300533753.png,WildScenes\WildScenes2d\K-01\label\1624329077-300533753.png
WildScenes\WildScenes2d\K-01\image\1624329086-546643044.png,WildScenes\WildScenes2d\K-01\label\1624329086-546643044.png
WildScenes\WildScenes2d\K-01\image\1624329088-690805380.png,WildScenes\WildScenes2d\K-01\label\1624329088-690805380.png
WildScenes\WildScenes2d\K-01\image\1624329089-159651782.png,WildScenes\WildScenes2d\K-01\label\1624329089-159651782.png
WildScenes\WildScenes2d\K-01\image\1624329097-400686341.png,WildScenes\WildScenes2d\K-01\label\1624329097-400686341.png
WildScenes\WildScenes2d\K-01\image\1624329106-244747799.png,WildScenes\WildScenes2d\K-01\label\1624329106-244747799.png
WildScenes\WildScenes2d\K-01\image\1624329108-656803233.png,WildScenes\WildScenes2d\K-01\label\1624329108-656803233.png
WildScenes\WildScenes2d\K-01\image\1624329115-160393376.png,WildScenes\WildScenes2d\K-01\label\1624329115-160393376.png
WildScenes\WildScenes2d\K-01\image\1624329122-726967516.png,WildScenes\WildScenes2d\K-01\label\1624329122-726967516.png
WildScenes\WildScenes2d\K-01\image\1624329127-014972460.png,WildScenes\WildScenes2d\K-01\label\1624329127-014972460.png
WildScenes\WildScenes2d\K-01\image\1624329136-931116638.png,WildScenes\WildScenes2d\K-01\label\1624329136-931116638.png
WildScenes\WildScenes2d\K-01\image\1624329146-311114283.png,WildScenes\WildScenes2d\K-01\label\1624329146-311114283.png
WildScenes\WildScenes2d\K-01\image\1624329151-537123248.png,WildScenes\WildScenes2d\K-01\label\1624329151-537123248.png
WildScenes\WildScenes2d\K-01\image\1624329159-109251168.png,WildScenes\WildScenes2d\K-01\label\1624329159-109251168.png
WildScenes\WildScenes2d\K-01\image\1624329168-086263077.png,WildScenes\WildScenes2d\K-01\label\1624329168-086263077.png
WildScenes\WildScenes2d\K-01\image\1624329173-245242677.png,WildScenes\WildScenes2d\K-01\label\1624329173-245242677.png
WildScenes\WildScenes2d\K-01\image\1624329182-829991094.png,WildScenes\WildScenes2d\K-01\label\1624329182-829991094.png
WildScenes\WildScenes2d\K-01\image\1624329189-928418227.png,WildScenes\WildScenes2d\K-01\label\1624329189-928418227.png
WildScenes\WildScenes2d\K-01\image\1624329198-772638509.png,WildScenes\WildScenes2d\K-01\label\1624329198-772638509.png
WildScenes\WildScenes2d\K-01\image\1624329208-353546384.png,WildScenes\WildScenes2d\K-01\label\1624329208-353546384.png
WildScenes\WildScenes2d\K-01\image\1624329218-068694887.png,WildScenes\WildScenes2d\K-01\label\1624329218-068694887.png
WildScenes\WildScenes2d\K-01\image\1624329227-985224780.png,WildScenes\WildScenes2d\K-01\label\1624329227-985224780.png
WildScenes\WildScenes2d\K-01\image\1624329237-030583592.png,WildScenes\WildScenes2d\K-01\label\1624329237-030583592.png
WildScenes\WildScenes2d\K-01\image\1624329247-749885181.png,WildScenes\WildScenes2d\K-01\label\1624329247-749885181.png
WildScenes\WildScenes2d\K-01\image\1624329252-975845920.png,WildScenes\WildScenes2d\K-01\label\1624329252-975845920.png
WildScenes\WildScenes2d\K-01\image\1624329263-630606651.png,WildScenes\WildScenes2d\K-01\label\1624329263-630606651.png
WildScenes\WildScenes2d\K-01\image\1624329275-623539911.png,WildScenes\WildScenes2d\K-01\label\1624329275-623539911.png
WildScenes\WildScenes2d\K-01\image\1624329282-523146836.png,WildScenes\WildScenes2d\K-01\label\1624329282-523146836.png
WildScenes\WildScenes2d\K-01\image\1624329283-193494283.png,WildScenes\WildScenes2d\K-01\label\1624329283-193494283.png
WildScenes\WildScenes2d\K-01\image\1624329284-265071570.png,WildScenes\WildScenes2d\K-01\label\1624329284-265071570.png
WildScenes\WildScenes2d\K-01\image\1624329286-342242143.png,WildScenes\WildScenes2d\K-01\label\1624329286-342242143.png
WildScenes\WildScenes2d\K-01\image\1624329288-017088229.png,WildScenes\WildScenes2d\K-01\label\1624329288-017088229.png
WildScenes\WildScenes2d\K-01\image\1624329291-771994950.png,WildScenes\WildScenes2d\K-01\label\1624329291-771994950.png
WildScenes\WildScenes2d\K-01\image\1624329292-574099830.png,WildScenes\WildScenes2d\K-01\label\1624329292-574099830.png
WildScenes\WildScenes2d\K-01\image\1624329293-176116215.png,WildScenes\WildScenes2d\K-01\label\1624329293-176116215.png
WildScenes\WildScenes2d\K-01\image\1624329293-647543609.png,WildScenes\WildScenes2d\K-01\label\1624329293-647543609.png
WildScenes\WildScenes2d\K-01\image\1624329294-114264659.png,WildScenes\WildScenes2d\K-01\label\1624329294-114264659.png
WildScenes\WildScenes2d\K-01\image\1624329294-784241751.png,WildScenes\WildScenes2d\K-01\label\1624329294-784241751.png
WildScenes\WildScenes2d\K-01\image\1624329296-727224819.png,WildScenes\WildScenes2d\K-01\label\1624329296-727224819.png
WildScenes\WildScenes2d\K-01\image\1624329304-770680832.png,WildScenes\WildScenes2d\K-01\label\1624329304-770680832.png
WildScenes\WildScenes2d\K-01\image\1624329308-787297177.png,WildScenes\WildScenes2d\K-01\label\1624329308-787297177.png
WildScenes\WildScenes2d\K-01\image\1624329317-432054308.png,WildScenes\WildScenes2d\K-01\label\1624329317-432054308.png
WildScenes\WildScenes2d\K-01\image\1624329318-570230251.png,WildScenes\WildScenes2d\K-01\label\1624329318-570230251.png
WildScenes\WildScenes2d\K-01\image\1624329325-136463206.png,WildScenes\WildScenes2d\K-01\label\1624329325-136463206.png
WildScenes\WildScenes2d\K-01\image\1624329333-376527061.png,WildScenes\WildScenes2d\K-01\label\1624329333-376527061.png
WildScenes\WildScenes2d\K-01\image\1624329338-066468760.png,WildScenes\WildScenes2d\K-01\label\1624329338-066468760.png
WildScenes\WildScenes2d\K-01\image\1624329345-571325798.png,WildScenes\WildScenes2d\K-01\label\1624329345-571325798.png
WildScenes\WildScenes2d\K-01\image\1624329354-012652061.png,WildScenes\WildScenes2d\K-01\label\1624329354-012652061.png
WildScenes\WildScenes2d\K-01\image\1624329359-238655394.png,WildScenes\WildScenes2d\K-01\label\1624329359-238655394.png
WildScenes\WildScenes2d\K-01\image\1624329366-273738080.png,WildScenes\WildScenes2d\K-01\label\1624329366-273738080.png
WildScenes\WildScenes2d\K-01\image\1624329378-133010517.png,WildScenes\WildScenes2d\K-01\label\1624329378-133010517.png
WildScenes\WildScenes2d\K-01\image\1624329384-368874866.png,WildScenes\WildScenes2d\K-01\label\1624329384-368874866.png
WildScenes\WildScenes2d\K-01\image\1624329386-038865512.png,WildScenes\WildScenes2d\K-01\label\1624329386-038865512.png
WildScenes\WildScenes2d\K-01\image\1624329387-246608802.png,WildScenes\WildScenes2d\K-01\label\1624329387-246608802.png
WildScenes\WildScenes2d\K-01\image\1624329391-331982374.png,WildScenes\WildScenes2d\K-01\label\1624329391-331982374.png
WildScenes\WildScenes2d\K-01\image\1624329406-139154491.png,WildScenes\WildScenes2d\K-01\label\1624329406-139154491.png
WildScenes\WildScenes2d\K-01\image\1624329407-277993283.png,WildScenes\WildScenes2d\K-01\label\1624329407-277993283.png
WildScenes\WildScenes2d\K-01\image\1624329407-747170006.png,WildScenes\WildScenes2d\K-01\label\1624329407-747170006.png
WildScenes\WildScenes2d\K-01\image\1624329408-417071638.png,WildScenes\WildScenes2d\K-01\label\1624329408-417071638.png
WildScenes\WildScenes2d\K-01\image\1624329408-819119183.png,WildScenes\WildScenes2d\K-01\label\1624329408-819119183.png
WildScenes\WildScenes2d\K-01\image\1624329409-891166670.png,WildScenes\WildScenes2d\K-01\label\1624329409-891166670.png
WildScenes\WildScenes2d\K-01\image\1624329418-400124952.png,WildScenes\WildScenes2d\K-01\label\1624329418-400124952.png
WildScenes\WildScenes2d\K-01\image\1624329425-770243866.png,WildScenes\WildScenes2d\K-01\label\1624329425-770243866.png
WildScenes\WildScenes2d\K-01\image\1624329430-795241891.png,WildScenes\WildScenes2d\K-01\label\1624329430-795241891.png
WildScenes\WildScenes2d\K-01\image\1624329432-068295357.png,WildScenes\WildScenes2d\K-01\label\1624329432-068295357.png
WildScenes\WildScenes2d\K-01\image\1624329434-212198800.png,WildScenes\WildScenes2d\K-01\label\1624329434-212198800.png
